result,Draw_odd,odd_dif,ovr_dif,att_dif,mid_dif,defe_dif,rank_dif,points_dif,Elo_ranking_dif,Elo_rating_dif,goal_dif_predicted
lose,3.23,3.26,-10.94,-5.88,-11.81,-10.44,26,-304,49,-277,-1.892436781
draw,3.65,1.63,-0.53,-0.53,1.8,0.6,4,-78,18,-105,-0.688895692
lose,3.12,1.44,4.5,5.5,6.44,6.44,-5,17,59,-230,-2.280675842
lose,3.75,7.67,-9.94,-9.33,-10.44,-8.44,51,-185,48,-303,-1.853612875
win,3.33,-2.16,2.42,4.85,1.94,0.75,-8,153,-10,151,0.398173678
win,5.53,-8.95,8.53,7.74,6.05,7.47,-16,352,-33,340,1.291123518
lose,3.27,-1.99,4.41,6.24,4.3,4.85,-13,300,3,-10,-0.106537101
lose,3.22,-0.86,-1.3,2.3,-2.06,-1.75,2,-91,1,-75,-0.028889289
draw,5.27,-9.99,11.86,13.24,9.88,10.14,-18,389,-33,246,1.291123518
win,8.65,-19.38,7.53,3.74,8.05,7.47,-30,524,-42,378,1.640538672
win,3.69,-4.49,5.59,7.46,4.88,4.47,-9,135,-6,146,0.242878053
win,4.08,-8.02,5.59,7.46,4.88,4.47,-1,5,-14,162,0.553469302
win,4.38,-7.23,5.03,6.24,9.55,4.47,-14,126,-45,339,1.757010391
win,3.85,-6.05,11.03,12.84,10.85,10.67,-44,448,-25,251,0.980532269
win,4.17,-4.72,5.59,9.86,5.24,3.03,-5,138,-19,258,0.747588832
win,3.15,-0.3,-3.83,-3.44,-5.89,-6.72,33,-104,-10,34,0.398173678
lose,6.55,12,-8.83,-9.91,-9.18,-9.6,49,-535,45,-377,-1.737141157
lose,3.51,0.42,0.57,-1.54,0.41,-0.22,27,-365,19,-120,-0.727719599
win,3.55,2.4,-5.5,-7.11,-6.22,-5.05,2,-59,-5,33,0.204054147
lose,5.22,6.18,-12.44,-11.5,-13.33,-13.55,57,-936,41,-301,-1.581845532
lose,3.27,2.6,-3.18,-3.5,-2.93,-0.38,84,-763,30,-160,-1.154782565
lose,4.49,7.13,-8.89,-7.44,-9.29,-6.98,89,-939,32,-244,-1.232430378
lose,3.65,-4.59,3.76,4.59,3.88,5.06,-10,146,7,-20,-0.261832726
win,3.59,-3.69,4.94,5,-0.18,8.24,-42,169,-17,99,0.66994102
draw,3.28,1.1,-0.84,-2.89,0.43,1.91,72,-496,7,-29,-0.261832726
win,5.26,-8.82,3.11,2.89,1.11,2.72,-15,306,-30,225,1.174651799
win,3.79,-1.05,-2.33,-3.61,-2.45,-2.34,-10,278,-4,75,0.165230241
lose,3,-0.35,-2.54,-2.35,-2.54,-2.93,-14,503,6,-37,-0.22300882
lose,3.16,1.04,-2.54,-2.35,-2.54,-2.93,-9,155,-3,44,0.126406335
win,4.72,-7.51,4.11,4.89,2.11,2.72,-52,727,-33,304,1.291123518
win,6.75,-16.41,12.11,11.89,9.11,10.72,-50,689,-62,467,2.417016794
win,3.34,-0.68,-1.83,-2.44,-2.33,-1.72,-4,118,-4,102,0.165230241
win,3.35,-3.15,5.58,6.71,5.52,4.9,-30,684,-8,105,0.320525866
win,3.34,-1.21,2.58,2.36,2.91,3.32,-11,228,-12,120,0.47582149
win,5.15,-10.45,9.11,10.39,9.11,7.72,-22,410,-45,385,1.757010391
win,3.39,-1.93,5.72,5.89,5.44,6.22,-3,79,-7,86,0.28170196
win,3.53,-0.98,-1,-4,2,0,-14,172,-9,38,0.359349772
win,5,-9.8,10.5,11.61,10.11,12.94,-47,229,-29,318,1.135827893
lose,3.43,-1.61,2.56,3.28,2.11,3.5,-3,158,-2,101,0.087582429
win,9.35,-19.68,8.36,8.61,8.41,9.47,-40,486,-48,398,1.873482109
draw,4.42,-4.64,6.07,5.97,4.22,8.72,-5,97,-4,79,0.165230241
win,3.92,-5.15,6.07,5.97,4.22,8.72,-13,613,-6,201,0.242878053
win,3.75,-2.93,4.77,3.97,3.62,6.32,6,-98,-2,23,0.087582429
win,6.69,-17.59,9.67,10.17,8.22,8.22,-24,652,-39,412,1.524066954
win,5.16,-9.94,4.55,4.67,4.47,7.6,-6,131,-14,217,0.553469302
win,3.5,-6.6,4.55,4.67,4.47,7.6,-19,138,-8,184,0.320525866
lose,3.25,-3.34,-0.61,-0.11,-1.34,0.5,-4,71,-1,19,0.048758523
lose,3.19,-0.18,-1.16,0.73,-1.89,1,8,-216,2,-92,-0.067713195
win,5.16,-8.99,6.67,3.67,6.72,8.72,-49,231,-33,326,1.291123518
win,3.44,-3.6,6.67,5.57,5.42,8.42,-14,703,-32,379,1.252299612
win,4.38,-6.08,5.73,5.89,5.05,7.22,-14,451,-21,349,0.825236645
draw,5.33,-8.01,5.73,5.89,5.05,7.22,-11,210,-10,150,0.398173678
lose,3.7,-1.09,1.67,1.7,0.93,3.34,1,-4,-1,12,0.048758523
win,9.09,-27.19,17.67,17.17,17.22,17.22,-84,1190,-77,569,2.999375385
draw,4.38,-6.81,5.73,8.29,5.41,5.78,-6,293,-11,214,0.436997584
lose,3.9,3.71,-3.81,-3.94,-3.94,-1.87,34,-355,34,-181,-1.31007819
lose,3.17,0.35,-2.47,-0.55,-4.25,-2.75,-17,87,19,-83,-0.727719599
lose,3.73,3.6,-6.69,-6.91,-7.48,-6.13,8,-374,49,-456,-1.892436781
win,4.44,-7.32,4.43,5.64,5.89,4.22,-43,434,-42,310,1.640538672
lose,4.15,5.43,-8.01,-5.86,-7.44,-9.33,14,-672,8,-222,-0.300656632
win,3.14,-1.44,-0.34,2.32,1.19,-2.94,-3,31,-16,140,0.631117114
draw,3.12,1.89,-4.54,-4.3,-3.96,-5.16,-2,31,-1,1,0.048758523
win,3.25,-3.23,2.78,4.08,3.48,0.78,-8,145,-39,347,1.524066954
win,3.5,-1.69,1.9,1.6,1.8,2.1,-13,288,-31,329,1.213475705
lose,3.33,-3.25,1.9,4.2,0.6,-0.1,-44,480,-30,230,1.174651799
win,3.33,-1.56,-0.48,-1.49,2.16,-1.1,-2,68,-6,111,0.242878053
draw,3.94,2.51,-9.44,-10.5,-8.56,-7.06,18,-298,6,-58,-0.22300882
draw,3.07,-0.32,-2.12,-2.12,-1.12,-1.12,19,-312,-29,194,1.135827893
lose,3.3,2.84,-2.78,-4.89,-0.39,1.67,-1,5,26,-147,-0.999486941
lose,3.38,3.41,-4.67,-5.67,-4.33,-0.33,-10,75,20,-84,-0.766543505
draw,3.2,-0.72,5.95,6.94,5.64,5.34,-28,91,-21,134,0.825236645
draw,3.28,-1.41,1.99,3.7,2.28,0.35,-31,161,-8,24,0.320525866
draw,3.24,-2.82,1.34,3.39,-0.31,-0.88,5,-51,-4,27,0.165230241
win,2.99,1.63,-4.32,-5,-4.81,-6.44,2,1,3,-35,-0.106537101
win,3.3,3.4,-5.71,-3.94,-6.36,-6.6,5,-176,2,-84,-0.067713195
lose,3.46,0.03,1.18,1.22,0.58,-0.38,-5,79,4,-67,-0.145361007
win,3.75,-4.35,0.62,0,5.25,-0.38,-34,397,-32,212,1.252299612
lose,3.01,-0.1,-3.82,-3.83,-4.69,-5.82,11,-261,7,-44,-0.261832726
lose,3.69,7.7,-6.49,-4.56,-7.69,-8.21,7,-473,13,-270,-0.494776162
win,3.08,3.41,-6.49,-4.56,-7.69,-8.21,15,-412,9,-93,-0.339480538
lose,3.88,4.78,-6.49,-4.56,-7.69,-8.21,5,-28,10,-179,-0.378304444
draw,3.36,-2.76,0.85,0.9,-0.25,-0.05,-6,205,-7,52,0.28170196
draw,3.11,2.47,-1.99,-3.7,-2.28,-0.35,8,-98,23,-188,-0.883015223
lose,3.1,1.82,-0.65,-0.31,-2.59,-1.23,30,-158,13,-103,-0.494776162
lose,3.3,-3.39,0.13,-4.7,-0.03,0.77,-48,188,-23,131,0.902884457
lose,3.15,2,-6.52,-7.44,-7.18,-7.38,-10,55,8,-134,-0.300656632
lose,3.17,2.46,-5.81,-7.53,-6.97,-6.17,-2,49,-6,27,0.242878053
lose,3.59,4.06,-5.81,-7.53,-6.97,-6.17,26,-351,14,-128,-0.533600068
lose,3.6,-0.71,-1.14,-2.8,-2.53,-0.4,5,-73,15,-87,-0.572423974
draw,3.4,-2.65,4.61,3.55,5.95,6.22,-26,336,-21,163,0.825236645
lose,3.3,2.4,-3.33,-4.78,-2.05,-3.22,11,-166,6,-138,-0.22300882
lose,4.8,-10.4,6.13,5.64,7.53,7.21,-42,203,-31,215,1.213475705
draw,2.74,3.29,-6.5,-8.17,-5.5,-6.22,3,-84,12,-196,-0.455952256
lose,3.91,5.36,-7.05,-7.33,-6.05,-5.72,8,-313,20,-276,-0.766543505
lose,3.22,-1.11,0.78,0.11,0.06,-0.5,-15,98,14,-55,-0.533600068
lose,3.48,2.74,-5.16,-7.22,-4.38,-4.94,4,-68,13,-127,-0.494776162
win,4.24,-3.7,-0.75,-2.42,0.86,0.1,-27,153,-22,176,0.864060551
win,3.1,-1.7,-1.12,-1.44,-2.06,-5.06,16,-53,-17,126,0.66994102
draw,4.12,3.8,-11.4,-11.72,-11.62,-12.78,3,-41,10,-119,-0.378304444
lose,4.1,6.72,-7.68,-9.69,-4.84,-8.6,10,-110,42,-306,-1.620669438
draw,5.52,-13.67,5.44,6.5,3.56,5.06,-17,292,-92,460,3.581733976
lose,2.84,-1.07,2.33,3.61,2.45,2.34,10,-278,4,-75,-0.145361007
win,4.1,-5.32,4.32,5,4.81,6.44,-7,53,-9,174,0.359349772
win,4.14,-6.39,6.31,8.7,7.09,6.79,-38,214,-17,198,0.66994102
win,3.48,-3.89,5.66,8.39,4.5,5.56,-8,56,-4,95,0.165230241
win,3.79,-5.56,10.56,11.94,10.62,12.12,-28,110,-26,201,1.019356175
win,3.34,-0.65,-1.39,1.06,-1.55,-0.16,-9,60,-3,69,0.126406335
lose,4.22,-7.67,11.77,12,10.39,11.73,-27,345,-18,163,0.708764926
lose,2.98,-0.67,-0.21,1.26,-0.09,-0.59,6,-79,-5,39,0.204054147
draw,2.9,0.09,-0.21,1.26,-0.09,-0.59,-4,91,-2,41,0.087582429
draw,2.94,-0.83,-0.21,1.26,-0.09,-0.59,-6,45,-1,1,0.048758523
win,6.33,-16.89,14.44,15.5,11.56,13.06,-40,411,-58,392,2.26172117
win,3.36,-4.33,8.44,8.42,8.71,9.14,-21,85,-25,200,0.980532269
draw,2.97,-1.59,0.5,1.17,0.12,0.62,-1,4,-3,65,0.126406335
draw,3.54,-3.8,4.91,5.97,5.36,5.66,-15,211,-30,238,1.174651799
draw,5.45,-9.81,7.85,9.91,6.91,8.24,-44,234,-30,301,1.174651799
win,5.5,-13.87,21.44,16.5,22.56,24.06,-41,149,-65,408,2.533488512
draw,4.04,-5.37,8.05,9.5,7.89,8.56,-5,113,-17,156,0.66994102
win,3.74,-4.43,8.59,8.35,7.94,8.29,-8,132,-19,169,0.747588832
lose,4.74,8.04,-9.46,-10.42,-9.58,-10.43,53,-369,37,-353,-1.426549908
win,5.96,-14.9,17.28,14.28,18.56,15.72,-13,122,-61,429,2.378192888
win,3.09,-0.94,0.75,-1.46,1.51,2.25,5,-165,-11,179,0.436997584
win,7.16,-9.66,11.11,11.72,11.45,12.44,-29,420,-33,359,1.291123518
win,3.12,-0.47,3.17,3.39,3.45,3,4,-142,-1,59,0.048758523
win,3.08,-2.1,5.16,4.78,5.81,7.1,-8,135,-8,169,0.320525866
draw,2.98,-0.79,0.84,-0.22,1,0.66,10,-258,6,-63,-0.22300882
lose,3.12,0.13,-0.55,0.84,-0.55,0.5,18,-425,5,-168,-0.184184913
win,3,-0.14,-0.55,0.84,-0.55,0.5,21,-479,1,-29,-0.028889289
win,5.87,-10.58,14.78,15.28,12.56,14.22,-22,201,-62,414,2.417016794
win,4.86,-6.73,12.61,11.78,11.39,12.39,-11,107,-23,243,0.902884457
lose,3.54,0.33,0.63,1.04,0.91,0.07,4,-255,4,-112,-0.145361007
lose,3.12,-1.74,6.34,6,6.39,6.72,-10,170,6,-44,-0.22300882
win,4.61,-7.22,5.78,4.78,11.06,6.72,-17,192,-35,288,1.36877133
win,3.89,-4.95,11.68,10.18,11.86,12.22,-2,55,-14,239,0.553469302
lose,3.08,-2.08,1.34,0.95,1.12,1.28,18,-351,-4,79,0.165230241
win,3.75,-7.61,8.75,10.1,8.97,7.9,-6,58,-17,208,0.66994102
win,4.82,-9.94,10.4,11.04,11.15,11.01,9,-112,-40,328,1.56289086
draw,3.5,-5.56,11.78,11.38,12.36,12.92,-24,88,-44,394,1.718186484
draw,3.25,-3.75,6.34,8.4,6.75,5.28,-30,113,-13,215,0.514645396
draw,2.92,-4.02,6.34,8.4,6.75,5.28,13,-182,-12,152,0.47582149
draw,3.84,-4.62,6.34,8.4,6.75,5.28,-14,162,-9,181,0.359349772
win,5.57,-8.88,6.83,5.44,5.11,5.22,-24,526,-41,460,1.601714766
win,3.28,-1.07,1.3,-2.3,2.06,1.75,-1,67,-1,84,0.048758523
draw,3,-0.34,1.3,-2.3,2.06,1.75,12,-65,1,-2,-0.028889289
win,3.9,-5.72,11.66,10.88,12,11.94,-15,316,-18,291,0.708764926
win,4.94,-10.1,10.83,9.44,10.11,7.22,-5,7,-44,344,1.718186484
win,3.03,0.28,1.39,-1.06,1.55,0.16,-3,97,-2,143,0.087582429
lose,3.35,-0.13,0.55,-0.84,0.55,-0.5,11,-145,7,-152,-0.261832726
draw,5.61,-7.82,7.83,2.94,8.61,7.72,-22,467,-39,451,1.524066954
win,5.16,-8.46,8.71,7.32,8.99,6.1,-11,381,-16,227,0.631117114
draw,9.83,-19.17,12.65,12.03,13.17,12.04,-27,150,-31,237,1.213475705
lose,2.88,-0.83,1.18,0.2,1.46,-0.43,4,-34,3,-43,-0.106537101
lose,3.36,-2.68,1.18,0.2,1.46,-0.43,-6,263,-5,141,0.204054147
draw,3.02,-1.58,1.18,0.2,1.46,-0.43,-11,356,-4,95,0.165230241
lose,4.5,-5.99,6.89,5.16,6.94,6.22,-15,570,-13,151,0.514645396
win,3.8,-5.3,8.05,4.55,9.72,8.89,-17,443,-25,215,0.980532269
draw,4.04,-4.61,8.05,4.55,9.72,8.89,-30,578,-15,187,0.592293208
win,3.53,-1.66,1.89,0.11,1.67,0.78,-3,146,-9,224,0.359349772
win,3.3,-2.44,1.89,0.11,1.67,0.78,6,-46,-4,82,0.165230241
win,3.3,-1.61,1.89,0.11,1.67,0.78,-4,245,-7,149,0.28170196
win,3.42,-1.22,1.89,0.11,1.67,0.78,8,-52,1,-10,-0.028889289
lose,3.73,-4.1,6.16,3.77,5.78,6.89,-13,257,-23,324,0.902884457
win,4.23,-9.67,10.83,14.44,8.11,3.22,-22,487,-27,285,1.058180081
lose,3.32,0.17,-0.78,-0.62,-1.33,-1.61,5,-454,3,-49,-0.106537101
lose,3.16,0.78,-0.78,-0.62,-1.33,-1.61,1,-44,6,-134,-0.22300882
win,4.63,-6.18,8.07,4.97,8.35,7.04,-17,602,-8,87,0.320525866
win,3.46,-4,8.07,4.97,8.35,7.04,2,-24,-8,107,0.320525866
win,4.24,-6.29,6.56,4.84,6.11,6.55,-11,381,-9,136,0.359349772
win,4.31,-5.84,8.83,7.77,9.28,11.72,-25,505,-22,269,0.864060551
draw,3.14,-0.93,3.83,7.94,3.39,4.22,13,-34,6,-34,-0.22300882
lose,4.23,6.09,-7.83,-2.94,-8.61,-7.72,28,-350,24,-325,-0.921839129
lose,3.4,-0.55,1.61,5.5,0.83,1,10,-168,21,-130,-0.805367411
win,3.25,-0.55,1.61,5.5,0.83,1,42,-159,9,-20,-0.339480538
lose,4.09,5.61,-7.41,-9.62,-6.93,-4.35,5,-52,21,-242,-0.805367411
lose,3.18,1.07,-1.01,0.32,-0.35,0.85,-19,215,-5,50,0.204054147
win,3.57,2.01,-0.88,-2.48,-1.68,1.32,-5,143,8,-18,-0.300656632
win,3.18,1.7,-2.38,-3.38,2.62,0.12,-9,74,-24,97,0.941708363
lose,3.31,1.1,-2.41,-2.41,-2.08,-0.28,-12,253,18,-109,-0.688895692
win,3.59,3.25,-2.41,-2.41,-2.08,-0.28,2,-7,6,-62,-0.22300882
lose,3.71,3.5,-9.49,-7.94,-10.32,-7.71,7,-235,26,-327,-0.999486941
lose,3.06,0.38,-0.64,-2.35,-0.64,0.94,-13,250,-3,14,0.126406335
lose,3.47,4,-8.1,-9.2,-7,-6,22,-196,33,-217,-1.271254284
lose,4.11,4.1,-3.38,-3.56,-0.94,-1.44,19,-160,52,-295,-2.008908499
lose,4.47,5.52,-8.44,-6.88,-5.81,-8.94,34,-421,47,-240,-1.814788969
lose,3.63,5.46,-8.93,-9.48,-9.17,-9.54,19,-549,26,-215,-0.999486941
draw,5.54,11.27,-12.1,-12.87,-12.62,-12.54,38,-295,38,-389,-1.465373814
draw,4.05,7.99,-10.76,-11.92,-11.5,-11.26,13,-274,31,-239,-1.193606472
lose,4.44,6.95,-10.76,-11.92,-11.5,-11.26,35,-202,32,-247,-1.232430378
win,3.17,1.43,-4.27,-3.5,-2.65,-4.91,26,-330,-19,95,0.747588832
lose,3.94,2.47,-7.45,-7,-5.58,-5.29,5,-89,36,-256,-1.387726002
draw,3,-0.48,-0.51,1.09,1.23,0.15,16,-184,-12,75,0.47582149
draw,3.1,-0.2,3,8,2,0,-42,135,-30,176,1.174651799
draw,3.5,2.97,-2.5,2.5,1.5,-3,-4,26,3,-6,-0.106537101
draw,4.06,4.63,-6.94,-1.33,-8.44,-8.44,29,-561,11,-136,-0.41712835
lose,6.79,18.31,-9.61,-2.06,-11.44,-10.83,26,-434,15,-188,-0.572423974
win,3.7,-5.6,10.48,10.68,10.54,12.37,-36,131,-27,257,1.058180081
win,3.88,-5.67,7.71,7.24,7.83,7.41,-13,94,-30,302,1.174651799
lose,4.03,-4.94,9.65,9.24,8.65,7.65,-24,377,-1,19,0.048758523
draw,3.12,-0.84,4.53,3.74,4.9,7.03,1,-9,-6,31,0.242878053
draw,2.79,-0.56,-0.63,-1.04,-0.91,-0.07,7,-27,1,-42,-0.028889289
win,3.3,-5,6.65,2.74,7.15,8.15,-38,133,-31,265,1.213475705
draw,5.85,-14.42,17.45,15.77,20.05,17.98,-78,809,-57,261,2.222897264
draw,3.02,-1.71,8.65,7.16,8.8,9.73,-25,403,-7,48,0.28170196
win,4.69,-7.03,8.12,9.06,8.06,7.83,-13,218,-23,182,0.902884457
lose,3.13,-1.41,8.12,9.06,8.06,7.83,-16,181,-14,142,0.553469302
draw,3.44,-3.84,9.77,10,10.24,10.94,-10,410,-9,168,0.359349772
win,2.91,2.3,-1.96,-0.82,-2.79,-1.18,12,-379,1,-36,-0.028889289
draw,3.16,-0.65,-1.96,-0.82,-2.79,-1.18,4,-20,2,-6,-0.067713195
win,3.05,-2.73,6.89,4.77,6.89,7.47,-20,220,-19,175,0.747588832
win,3.6,-4.45,5.71,7.36,5.84,5.21,-6,32,-4,97,0.165230241
win,4.55,-6.67,5.38,4.64,4.65,6.98,-22,138,-32,304,1.252299612
win,3.38,-5.28,7.65,7.57,7.82,12.15,-28,112,-17,214,0.66994102
lose,3.46,-0.23,4.27,1.55,6.21,4.65,1,-12,3,-23,-0.106537101
win,3.97,-7.02,8.8,7.09,8.03,8.88,-8,63,-13,195,0.514645396
win,3.29,-0.01,0,2.6,-1.2,-2.2,-30,271,7,-38,-0.261832726
draw,3.15,1.72,-5.94,-4.73,-5.64,-6.64,11,-311,27,-181,-1.038310847
win,3.2,-0.9,-1.67,-1.07,-1.53,-0.53,-5,14,-4,11,0.165230241
lose,5.25,10.79,-6.67,-8.17,-4.22,-6.22,14,-125,39,-352,-1.50419772
win,3.11,1.45,1.69,0.44,4.19,3.25,32,-185,-33,138,1.291123518
lose,3.71,1.37,-1.9,-4.2,-0.6,0.1,43,-559,24,-291,-0.921839129
draw,3.3,3.39,-2.12,-3.5,0.25,1.38,-5,13,31,-168,-1.193606472
draw,3.4,-0.68,0.88,-0.12,2.88,0.88,35,-414,-15,56,0.592293208
lose,3.1,0.14,0.22,-2.89,3.61,3.67,50,-611,4,-21,-0.145361007
draw,2.95,0.62,-1,-4,1,-1,34,-277,8,-27,-0.300656632
draw,3.5,-6.6,4.94,4.28,5.17,3,-56,199,-39,225,1.524066954
win,3.15,-1.57,2.63,2.72,3.36,2.25,-29,276,-38,248,1.485243048
lose,3.37,-1.28,1.18,-0.19,1.41,0.82,-2,32,5,-64,-0.184184913
lose,1.91,0.02,-1.44,-3.41,0.73,-2,-3,38,1,-46,-0.028889289
lose,2.99,-1.98,2,-2.5,-0.5,6.5,8,-49,18,-93,-0.688895692
draw,3.22,0.44,-1.53,-3.27,-0.76,-0.59,6,-145,2,-20,-0.067713195
draw,3,1.4,-1.53,-3.27,-0.76,-0.59,-1,18,-1,12,0.048758523
win,3.93,-4.54,6.06,6.47,6.47,4.64,-9,78,-25,200,0.980532269
win,3.27,2.09,-1.67,-1.7,-0.93,-3.34,1,-280,-1,10,0.048758523
win,3.52,0.02,4.4,4.27,3.29,5.38,-6,101,-3,67,0.126406335
draw,4.16,-5.52,8,8.47,7.29,4.88,-22,363,-11,164,0.436997584
lose,3.98,-4.55,4.87,6.67,5.82,4.61,-28,153,-11,95,0.436997584
win,3.93,-5.49,4.22,6.36,3.23,3.38,-25,461,-30,373,1.174651799
lose,3.57,-3.7,4.22,6.36,3.23,3.38,-9,333,-18,221,0.708764926
win,3.05,-0.14,-2.28,-1.81,-2.27,-2.84,2,-73,-6,135,0.242878053
lose,3.24,0.48,-2.83,-0.97,-2.82,-2.34,-1,20,2,-55,-0.067713195
win,2.98,0.75,-1.65,-0.77,-1.36,-2.77,6,-328,-2,23,0.087582429
win,3.1,-1.7,5,3.87,4.49,5.08,-39,164,-23,219,0.902884457
win,4.1,-6.97,5,6.47,3.29,2.88,-40,559,-16,318,0.631117114
win,3.35,-1.61,4.06,4.19,4.12,3.88,-12,214,-9,138,0.359349772
win,6.77,-11.15,11,11.47,6.29,12.88,-51,247,-42,299,1.640538672
win,3.67,0.32,8.12,9.23,8.88,8.17,-4,82,-11,191,0.436997584
lose,3.75,-3.33,3.47,3.94,4.09,3.48,-14,309,-7,146,0.28170196
win,4.35,-7.75,8,13.47,5.29,0.88,-30,536,-46,448,1.795834297
lose,3.33,1.76,-3.61,-1.59,-4.15,-3.95,2,-339,1,-11,-0.028889289
win,4.39,-5.15,6,6.8,6.46,9.38,-10,88,-13,112,0.514645396
draw,3.91,5.92,-7.8,-1.53,-13.4,-14.33,49,-352,21,-85,-0.805367411
lose,5.08,4.36,-5.03,-6.24,-9.55,-4.47,47,-697,29,-202,-1.115958659
lose,4.09,7.56,-5.03,-6.24,-9.55,-4.47,34,-550,39,-372,-1.50419772
win,3.65,2.36,3.5,1.5,-3.5,3,18,-198,6,-32,-0.22300882
win,3.07,0.32,6.83,7,0.33,5.67,29,-308,-4,44,0.165230241
draw,3.28,0.45,6,6.6,1.3,6.2,-30,322,20,-88,-0.766543505
lose,4.88,7.46,-11,-11.6,-11.8,-8.8,70,-487,45,-190,-1.737141157
lose,4.77,12.36,-13.71,-15.03,-14.05,-11.46,26,-522,49,-391,-1.892436781
lose,3.73,2.52,-3,-1.5,0,-3,28,-279,17,-82,-0.650071786
draw,3.13,-1.42,-2,0.08,-4.15,-4.08,-14,77,1,-2,-0.028889289
draw,4.4,-7.46,8.8,8.61,11.25,8.25,-53,406,-50,213,1.951129921
lose,4.2,7.01,-10.61,-7.98,-11.59,-10.91,28,-821,18,-331,-0.688895692
win,3.75,-1.5,13,8.08,13.85,14.92,-20,64,-40,208,1.56289086
lose,3.09,1.31,-5.18,-2.01,-6.36,-6,-1,29,2,-43,-0.067713195
lose,3.45,1.27,-2.12,-1.31,-4.21,-3.57,-6,131,26,-209,-0.999486941
lose,3.39,-0.28,-2.34,-0.61,-3.36,-2.29,12,-267,23,-131,-0.883015223
lose,3.33,-0.98,-0.35,3.09,-1.08,-1.94,33,-255,13,-71,-0.494776162
lose,3.25,-1.85,3.9,6.33,2.45,3.39,-15,48,-9,21,0.359349772
draw,3.16,-2.12,0.66,2.77,-0.73,-2.79,52,-470,18,-121,-0.688895692
win,3.39,-4.14,5.66,10.48,4.33,2.57,4,-56,-34,204,1.329947424
draw,2.93,1.28,-6.16,-4.44,-8.05,-8.11,27,-450,10,-79,-0.378304444
draw,3.26,0.97,-1.75,0.36,-2.81,-3.07,54,-477,24,-183,-0.921839129
lose,3.04,-0.84,-1.22,-1.11,-2.61,-4.67,-16,334,4,-6,-0.145361007
lose,3.45,-4.21,2.78,9.89,-1.61,-5.67,-14,81,-17,103,0.66994102
draw,3.68,-3.71,7,7.33,7.62,6.2,-3,128,-38,259,1.485243048
draw,2.93,1.18,-0.73,-0.84,0.22,-1.78,3,-392,5,-198,-0.184184913
lose,2.87,1.69,-1.34,-0.95,-1.12,-1.28,5,-15,8,-167,-0.300656632
draw,3.42,2.32,-1.34,-0.95,-1.12,-1.28,3,-93,6,-142,-0.22300882
lose,3.12,-0.97,-1.89,-0.11,-1.67,-0.78,3,-64,11,-145,-0.41712835
win,4.68,-1.96,5.94,2.83,6.94,6.94,-19,321,-30,227,1.174651799
draw,4.52,-7.65,11.27,10.83,10.27,11.11,-29,458,-19,164,0.747588832
win,4,-8.2,6.94,1.33,8.44,8.44,-9,50,-18,127,0.708764926
win,2.62,-1.3,5,5.05,5.27,5.44,5,-14,-9,78,0.359349772
win,3.72,-4.42,4.94,3.83,8.94,1.94,-37,610,-29,229,1.135827893
win,3.03,0.75,0.94,0.86,1.15,1.56,7,-37,6,-96,-0.22300882
win,3.6,0.17,0.94,0.86,1.15,1.56,5,-265,5,-94,-0.184184913
win,4.44,-8.48,16.94,16.33,17.44,15.44,-81,798,-72,371,2.805255855
draw,3.23,2.35,-2.67,-0.73,-3,-2.39,-3,127,4,-52,-0.145361007
draw,3.28,2.36,-2.67,-0.73,-3,-2.39,6,-464,9,-247,-0.339480538
win,3.41,-3.66,4.67,4.73,4.44,5.77,-8,317,2,-9,-0.067713195
win,3.12,-1.85,8.09,7.18,7.82,7.67,-10,245,-20,170,0.786412739
lose,3.15,2.04,-3.59,-5.32,-3.16,-0.8,14,-227,17,-151,-0.650071786
draw,3.04,1.45,-1.23,-4.29,-1.17,-0.36,-4,39,-5,33,0.204054147
lose,3.5,-1.8,6.88,3.24,7.41,4.71,-22,234,-21,101,0.825236645
draw,3.22,3,-10.4,-11.04,-11.15,-11.01,6,-155,5,-56,-0.184184913
draw,3.05,1.11,-4.06,-2.64,-4.4,-5.73,4,-70,28,-176,-1.077134753
lose,3.32,2.09,-2.58,-2.36,-2.91,-3.32,38,-319,28,-314,-1.077134753
draw,3.16,1.99,-0.59,-0.97,-0.55,0.78,47,-514,20,-172,-0.766543505
win,3.08,-0.7,1.4,2.73,1.73,1.13,-21,222,-11,112,0.436997584
win,3.54,-2.29,6.83,6.53,5.6,7,33,-280,-23,136,0.902884457
win,3.91,-5.07,6.88,8.06,6.67,7.11,-15,50,-9,39,0.359349772
win,4.3,-7.53,6.03,5.53,4.2,3.4,1,12,-32,173,1.252299612
lose,3.15,-0.93,4.53,9.53,1.2,-2.6,-2,35,9,-62,-0.339480538
draw,3.6,-2.83,6.03,5.63,6,6.6,-32,289,-30,146,1.174651799
draw,4.07,4.81,-7.08,-5.53,-8.24,-7.43,58,-697,26,-258,-0.999486941
lose,3.34,1.5,-7.08,-5.53,-8.24,-7.43,19,-488,8,-218,-0.300656632
win,3.28,-0.02,1.77,0.06,1.44,1.22,-1,-3,-21,123,0.825236645
lose,3.05,0.17,-0.85,-3.16,0.76,-1.6,43,-390,19,-170,-0.727719599
lose,3.06,-0.48,3.68,2.38,2.58,2.63,7,-79,11,-69,-0.41712835
win,3.59,3.44,0.8,1,1.4,3.6,32,-292,9,-37,-0.339480538
lose,6.71,14.89,-13.11,-11.06,-12.44,-10.83,28,-105,43,-285,-1.659493344
lose,3.75,5.6,-3.5,-2.67,-1.83,2.5,-7,34,35,-207,-1.348902096
lose,3.95,0.33,-3.53,-4.91,-2.1,-1.8,37,-181,21,-127,-0.805367411
lose,2.95,-0.06,-1.54,-1.21,0.18,-1.45,6,-20,13,-103,-0.494776162
lose,3.73,3.28,-0.9,-0.2,-1.6,1.1,10,-203,22,-203,-0.844191317
lose,4.58,5.96,-5,-4.5,-3.89,-7.89,34,-727,19,-328,-0.727719599
lose,3.22,-1.88,1.67,-0.83,2.83,0.83,-15,93,-1,1,0.048758523
lose,3.06,2.23,-3.33,-2.8,-2.96,-4.55,44,-178,27,-230,-1.038310847
lose,3.02,-0.14,0.73,3.79,1.52,-2.11,28,-434,8,-114,-0.300656632
draw,3.18,3.97,-9.44,-15.5,-6.56,-3.06,17,-246,21,-176,-0.805367411
win,3.82,5.24,-9.65,-14.24,-6.65,-3.65,29,-457,36,-176,-1.387726002
lose,3.21,1.73,-1,-7.08,2.15,6.08,4,-54,29,-128,-1.115958659
lose,4.17,6.34,-9.94,-12,-10,-11.5,22,-309,33,-230,-1.271254284
draw,3.18,1.53,-1.89,-2.5,-2.11,-2.94,17,-196,16,-74,-0.61124788
win,3.4,1.34,-12.35,-13.49,-12.27,-13.08,78,-726,41,-194,-1.581845532
draw,3.14,0.32,-6.01,-7.49,-5.88,-6.36,68,-556,47,-238,-1.814788969
lose,3.04,0.83,-7.45,-10.9,-5.15,-8.36,65,-518,48,-284,-1.853612875
lose,3.29,-0.45,-5.5,-5.1,-7.8,-7.2,28,-211,12,-41,-0.455952256
lose,3.55,2.81,-8.61,-7.99,-8.91,-9.92,43,-517,42,-266,-1.620669438
win,8.18,17.88,-12.33,-10.54,-12.91,-12.42,59,-1033,14,-160,-0.533600068
win,3,-0.11,-3.62,-3.22,-3.92,-6.32,39,-396,4,-9,-0.145361007
lose,3.81,3.93,-5.44,-5.38,-5.97,-6.2,44,-463,1,-9,-0.028889289
win,2.87,-1.46,9.5,4.9,5.2,14.8,-27,95,-51,230,1.989953827
lose,4.45,-3.95,8.01,5.86,7.44,9.33,-14,502,1,-9,-0.028889289
win,4.5,-7.58,8.48,8.26,9.97,8.56,-23,510,-32,281,1.252299612
lose,2.99,-0.84,1.33,-0.22,1.88,1.11,0,0,10,-178,-0.378304444
win,3.35,-2.75,1.33,-0.22,1.88,1.11,-14,649,-11,261,0.436997584
win,8.36,-21.46,16.11,15.06,14.44,15.33,-36,868,-41,439,1.601714766
draw,3.05,-0.62,1.96,0.82,2.79,1.18,1,-149,-3,95,0.126406335
draw,3.11,-1.64,1.96,0.82,2.79,1.18,-8,482,-7,239,0.28170196
win,3.11,-1.64,1.96,0.82,2.79,1.18,-8,482,-7,239,0.28170196
draw,3.43,-3.51,1.96,0.82,2.79,1.18,-8,482,-7,239,0.28170196
win,3.43,-3.51,1.96,0.82,2.79,1.18,-8,482,-7,239,0.28170196
draw,5.08,-8.89,7.61,4.56,11.94,4.33,-34,483,-33,281,1.291123518
lose,3.35,-3.23,3.61,1.59,4.15,3.95,-8,401,4,-76,-0.145361007
draw,5.46,-9.13,8.83,5.17,11.05,10.5,-13,86,-25,267,0.980532269
win,3.19,-2.18,2.67,0.73,3,2.39,-4,451,-7,219,0.28170196
win,6.16,-12.24,10.08,9.88,10.85,9.01,-21,700,-30,421,1.174651799
win,3.5,-3.52,7.08,5.53,8.24,7.43,-19,488,-8,218,0.320525866
win,7.17,-15.34,11.61,15.06,9.44,4.83,-27,167,-42,370,1.640538672
draw,5.06,-8.65,8.85,5.59,9.68,8.65,-14,87,-19,216,0.747588832
lose,5.16,-11.75,7.67,8.18,8.63,6.39,-17,703,-24,362,0.941708363
win,4,-8.2,13.61,13.56,14.44,11.83,-23,83,-37,240,1.446419142
win,4.15,-7.56,7.34,5.46,7.44,8.16,-18,437,-17,194,0.66994102
win,3,-2.53,9.61,8.39,10.61,13.33,-35,139,-8,78,0.320525866
lose,3.35,3.09,-4.35,-2.42,-4.35,-4.54,34,-723,13,-138,-0.494776162
lose,3.36,3.34,-6.68,-6.03,-6.8,-6.88,3,-47,10,-109,-0.378304444
draw,2.62,0.73,-6.68,-6.03,-6.8,-6.88,5,-26,7,-90,-0.261832726
lose,3.11,0.98,-6.68,-6.03,-6.8,-6.88,13,-282,3,-45,-0.106537101
win,3.69,3.46,-7.52,-5.81,-7.8,-7.54,3,-24,-3,18,0.126406335
win,3.1,-1.7,1.76,2.39,1.91,2.26,-16,59,-18,110,0.708764926
win,3.41,0.51,-0.02,-0.42,1.37,1.85,1,-1,-6,51,0.242878053
win,3.29,-2.91,2.76,9.47,-0.24,-3.82,-13,80,-23,154,0.902884457
win,3.05,-1.66,4.26,5.57,4.56,5.38,-42,431,-6,73,0.242878053
lose,3.55,4.36,-8.85,-5.59,-9.68,-8.65,20,-485,29,-341,-1.115958659
win,2.95,0.83,-1.18,2.59,-1.05,-2.26,10,-190,5,-71,-0.184184913
lose,3.23,-1.07,0.76,2.8,0.93,4.68,-4,37,-1,4,0.048758523
draw,3.68,-5.94,3.94,1.88,2.81,2.44,-18,359,-28,198,1.097003987
lose,3.05,0.25,0.81,0.08,1.34,2.17,38,-633,9,-55,-0.339480538
win,3.19,-0.75,5.06,3.32,4.87,7.5,-15,261,5,-55,-0.184184913
lose,3.51,2.59,-6.34,-8.4,-6.75,-5.28,-12,220,15,-174,-0.572423974
draw,4,-5.12,8.44,6.88,5.81,8.94,-19,165,-17,77,0.66994102
draw,2.87,0.16,1.16,-3.01,2.42,4.11,-22,281,-2,6,0.087582429
win,3.3,1.02,-5,-7.45,-5.63,-4,36,-584,3,-28,-0.106537101
win,2.83,-2.42,5.44,2.98,5.61,7.64,6,-25,-31,179,1.213475705
draw,3.88,4.21,-7.67,-8.18,-8.63,-6.39,10,-52,6,-103,-0.22300882
lose,3.21,-1.08,-0.33,-2.72,-1.19,1.77,28,-267,5,-37,-0.184184913
win,4.43,-3.31,-0.33,-2.72,-1.19,1.77,-16,106,-28,207,1.097003987
draw,3.02,-0.67,1.94,0.21,1.98,6.94,-5,26,-5,41,0.204054147
lose,6.91,13.29,-21.28,-16.28,-17.56,-27.72,51,-183,95,-624,-3.678336461
lose,3.6,5.06,-14.94,-7.88,-10.81,-22.44,21,-70,82,-409,-3.173625682
lose,4.26,7.25,-11.44,-14,-11.56,-10.06,12,-132,41,-310,-1.581845532
lose,3.33,2.16,-0.85,-0.9,0.25,0.05,3,-25,8,-101,-0.300656632
win,3.06,1.08,1.14,2.8,2.53,0.4,10,-366,4,-18,-0.145361007
lose,3.07,-0.01,3.42,2.45,3.38,1.9,14,-75,19,-109,-0.727719599
lose,2.23,0.59,0.06,-0.33,0.01,-4.74,1,-10,-12,88,0.47582149
lose,3.32,2.06,-7.44,-8.83,-7.73,-11.56,50,-605,27,-238,-1.038310847
lose,4.03,6.18,-7.44,-8.83,-7.73,-11.56,20,-149,19,-215,-0.727719599
lose,3.1,1.96,-8.28,-8.61,-8.73,-12.22,40,-347,21,-175,-0.805367411
win,3.63,-2.98,5,4.67,-0.17,3.5,-41,159,-29,187,1.135827893
lose,3.37,-4.35,4.88,7.26,4.77,-0.26,-1,17,-27,122,1.058180081
lose,3.2,2.54,-0.78,-3.22,0.44,-2.83,-5,73,7,-82,-0.261832726
win,3.2,-0.14,-0.76,-2.8,-0.93,-4.68,37,-323,24,-193,-0.921839129
win,3.58,-4.61,4,5.17,3.83,-1.5,12,-56,-29,162,1.135827893
win,3.55,-2.23,-2.61,-3,-4.33,-3.5,-12,179,-75,304,2.921727573
lose,3.07,6.45,-9.44,-8.44,-9.44,-8.72,12,-299,18,-321,-0.688895692
lose,3.06,-0.71,-1.61,-5.5,-0.83,-1,-20,140,-5,26,0.204054147
draw,4.09,2.67,-7.55,-8.33,-7.77,-7.94,9,-153,9,-97,-0.339480538
lose,4.31,-7.37,5.38,7.69,2.44,3,-25,389,-4,42,0.165230241
win,3.76,1.81,-4.06,-2.81,-6.12,-4.06,-7,91,2,-16,-0.067713195
lose,3.1,2.67,-4.9,-2.59,-7.12,-4.72,12,-259,9,-171,-0.339480538
draw,3.13,1.39,-4.9,-2.59,-7.12,-4.72,13,-208,-7,90,0.28170196
lose,3.64,2.03,-5.45,-1.75,-7.67,-4.22,14,-264,6,-175,-0.22300882
draw,3.27,-2.47,2.38,1.19,0.94,3.5,-14,86,-18,150,0.708764926
lose,3.52,3.85,-2.62,-0.78,-4.85,-1.88,17,-379,8,-213,-0.300656632
win,3,0.28,-3.56,-1.64,-6,-3.44,18,-434,3,-36,-0.106537101
win,6.75,-17.19,6.88,8.69,3.44,5,-42,402,-51,343,1.989953827
win,3.27,-2.85,6.88,8.79,5.24,8.2,-32,275,-20,151,0.786412739
win,3.37,3.05,-6.26,-4.74,-5.49,-5.95,16,-520,15,-146,-0.572423974
lose,3.14,2.61,-2.93,0.04,-3.44,-2.73,6,-52,10,-101,-0.378304444
win,2.97,-3.05,3.73,7.74,4.56,3.01,-13,149,-24,113,0.941708363
win,2.97,0.39,0.85,7.15,-1.38,-5.23,-9,114,-2,7,0.087582429
draw,3.2,2.7,-3.09,0.27,-2.19,-3.67,2,-31,9,-98,-0.339480538
